{
    "RMSE": 0.24584779143333435,
    "MAE": 0.21260452270507812,
    "R2_Score": -3.840311050415039,
    "n1": 123,
    "n2": 53,
    "lr": 0.011522264227007747
}