{
    "RMSE": 0.2673712968826294,
    "MAE": 0.18564018607139587,
    "R2_Score": -4.724930763244629,
    "Dataset_Size": 24
}