{
    "RMSE": 84956.54389502498,
    "R2": -3.378505692563927e-05,
    "params": {
        "filters": 